date,hyperloglog
2015-03-14 23:00:00,/x14887f41d4b5252b5c9885ad6a5a1a952d2d6292942d8a5a12b625285a52a5ad4b42988529294a9524ad28529126ad4e5a5686a5687296851d8a4214b42149529a842909528e94390a4a14a4c1c93a9683ad284a92a6292b5416e5a9297a10a4b10c5a5295394b525a9525884a14a52929525ab5a8e84292a7a1494a12a5216d525495296c4b12e521294a189429a87296a4b5084a9e7421675992e7a508525ca529a9
2015-03-15 00:00:00,/x14887f42d4b5252b5c9895b16a6a9a95ad4d6312e62d8a5a12c8316b5a58a5ad4c4298952989529525b12852d526ad6e5ad696ad6a72d685298a5294b62549539a84294b52dcb4b90a5ad4a7c1d04a96b4ad686294a6292b5416e5bd4a7a1ce6310c629298394b525a9525904b94b5318c539ab5ada96292a7b5a94a92a52d6d625498b16c5312e5a92d6ad89639a97296c53608629ea4296a5a92e7a508529ca5a9aa
2015-03-15 01:00:00,/x14887f42e0b5254b5c98a62d6b6a1a97314d6296942d8e5a52b6252a5a52a5ad4b4a98a5296a529925ad4a72db26ad4e5a5708ad6b72d6d5218b4b14b43149529a942d0a52d8b4398a5354a4c1c99296b4ad2b7312c6294b5416e5a9aa7b90e5312c5ae2a5394b635aa5298a5254a52929525ab729495ad2a7b94b4a52a5256d5254a52d8c4b14e521694a189429a972d6b4b5cd4a9e96a56c5b54e7ad4852dcb52a69
2015-03-15 02:00:00,/x14887f4296b5352b5c9ca5b16a5a9a952d2d6a9494318a5a56b6318b5a54c6ad535298a535294a9b25ad2953d126b14e6a5aa6a56a7296872d8a52dab5294a52daa4a90952ce96b90a5294a4c1c96296942d484a9ac62d4b5416e5a9297a94a5312c829295396d529ac5a58b4a54a529297a5ab6a96c52d4a7a54a52d2a6a1ad5254a5298c4b12e529ab62d8c4a9a87296a4b54852de96a9695a52e7a52a8a5ca529a9
2015-03-15 03:00:00,/x14887f42d4b52d2b6498d5bd6a6b5a952d4d6294b4ad8a5a52b629295a52a5ad6b5298c52d2e4a9524b528529726ad4e5b1696a96e7296d82d8a5254b4214b52da86292b7292b5c10a52d4c4c1c9529c93ad4a4b92a6292b5416e6292b7a94a6312c5a56d6b94b525c9525895ad4a52929625ab5a92a4b52a7a9494ad8c6296d525ab5296c4b54e525aa7a989429a8729704b508529ed5416c5adce7a52c52dcc52dab
2015-03-15 04:00:00,/x14887f5294b625eb5c9895ad6a5adaa5b52d6292c5ad8a5b52b631ab5a52a5ad8b6ad896a92e4a95252d2b6a9326ad4e5a9686a96a729695a58b52d8b52549541a84a96a528ed4b94a5b54c641cd429894ad6a4b52c6292b5c16e5a9c97a54b4b10c5a96a5394b525a952e0b6254a52949625ab629085292e7a14a4b92a6256d525695296c4b12e6a54b5218a529c87296b5b5aa531ec62d6a5b96e7a549529ca52daa
2015-03-15 05:00:00,/x14887f4a56b5316b5c98c6ad6a6b5aa72d8d6312c52d8a6254b7a58b5a52c5ad4b5298a5352b6ad524ad2a532d26ad4e5a96d6a56c7298a5218a4a58c4b54a629ac52d29529695390a4a14a541c952d684ad8b4a92c6292b6c16e5ad497a54a5b16c5a9895394b729a95258a6254b6298b535ae5a94e92d4a7a14b5352d5256d6294c5316c4b14e525ac4a18d4a9a97296a5b5ca4a9ec4a5685a92e7a529525cb529ad
2015-03-15 06:00:00,/x14887f4b14b6254b5c9895ad8a5a5aa52d6d6292c52d8a5a18b625885a56a5ad4b4ad89529294a9b252d2a529d26ad4e5b9886ad687296e5318a4294e52949529aa4a92e52d096396a4a54c9c1c94a98a431285294b6294b5416e5bd297a92c4b10c6a5a96394b525a95318b6a54a6ad6a525ab629494b54a7ad8b4ad6a5216d6254c5296c5312e525296218a4a9aa7356c6352a4a9e94c5685a92e7a529525d15a9ad
2015-03-15 07:00:00,/x14887f4256b6a94b5c98c5b16a5a9a96ad2d62d6a52d8d5b12b6252e6a54a5b1905a988535294a9524b12c529326b58e5a56d6a569729695298a521ab5a9c9535a95294b529295390a4ad4b4d1c98296952d6b4c14a6294b5416e5a98b7a16a6310c5bd695394c525ab5298d4a14a62d29525ad5a94b5316d7a94a5292a5356d5a5495298d5b16e5b5496a18a431ab7298a6b5084a9e84256a5a54e7a9285a5cb531a9
2015-03-15 08:00:00,/x14887f5a56b52d335c9e85ad6a5ada95356d639295358a5b12d6252c5b12e5b1eb62989529296295252d8e529326ad4e5ad686ad6d7296952d8c629ab4b54a5b1ac4a969729294b92a6a56a541cc635684ad2b4ad2a6312b5416e7a9897adaa6312c5a5295394c625cb531884a98a52929629ab5a9285a92b7a1695296b52d6d52d4b52d6c4b18e5252b4b1ab729ab7296b5b54a4a9ea42d6b5a96e7a94b629ca729a9
2015-03-15 09:00:00,/x14887f5256b5292b649c962d6a5bdaa52d2d62d694b18a5ad6b6298a5b12a82d6b4a9895298a4b5527ad6a535326ad4e5a5686a96a729685218b421ab42549529c87a94a529894398d6218a541cd5a96a3ad285aa0a6a98b5416e5a9297a16a5316c5a58c5b96b5a9ab5298c5214a53149525ab5aa294c12a7a94a6214a5316d5256952d6c4b12e5298b4a5894b1aa7296a53549529ea531e96a56e7a92c525ca52da9
2015-03-15 10:00:00,/x14887f4414b5296b5c98a5ad6a625ed5ad4d6352a5ad8b5a94b629295a56a5ad4b529885316d5a9525ad48529326ad4e5a9696ad6972972729904a94b4218a63da95296e5298a4390a4a14a4c1cb5296a5ad2852d2a6292b6416e5a9297ad0c4b10c5ad2c5394b5a5aa5298a62d6c5292b525ab5a9ca431ac7a54a5a12a5a96d529495296c4b1ae531697358a52daa7296d6352b4a9e95256a5a96e7b96852dca531ab
2015-03-15 11:00:00,/x14887f4294b5356b5c9895ad6a5a9a95ad8d639894ad8a6a92b625485ad6c5ad6b4298852d8c729524ad2a529527314e5a58c6ad697298a529924b54b5b149629ac42d0a529295392e4a94a541c95b16b42d294a92a63deb5416e5b92a7a10a4b14c5ad2b7394b629aa6ad894a54a6a94e525ab5a94b4a96a7bd4e4a12b5296d5254c5296c6312e5252a5358c629a872d6c6b54a4a9e94256c5ad4e7a9c9525ca529aa
2015-03-15 12:00:00,/x14887f5b94b6252f5c98b5ad6a5a1a952d6d6294a4ad8a5b12d6254b5a92a5ad4b5298a529495a9524ad2a529126ad4e7256c6a56872d6a5318b5a94b4a54a529ab5b5695294a6b94a4ad4e4c1c9429e942da84a92b6352b5416e5b5aa7a5b04b1115a5295b94b541ab5298a62d6a53129625ab5a9a94a92a7a5494a14a5216d531495296c4b16e5252d4a58a4a9ac7296a5b5094adea5216a5ad6e7b14a8a5ca52da9
2015-03-15 13:00:00,/x14887f5a14b5452b5c98c5b16a5b1a952d2d6392a4ad8a6a98b6252a5b54f6314c531895a94b6a9924ad6d529126ad6e5c1686b56b7296a52d8a52d4b4a14a629a953d695290b6392a52d6a4c1cc531684ad885292b6296b5416e6a9297a12a5b1305b1295b98b525ab6258a5ad4a52929525b15a90d4a9ac7a54d4d14a5216d5254a6aa0c4b12e525294a18b4360a7296b6350b4adeb5a56959d4e7a52a52dcb531a9
2015-03-15 14:00:00,/x14887f5254b5b16b5c9895b16d625aa5ad4d6294942d8a5a52b6294a5a94a5ad4b4c188629494a9524ad2a5291272d8e5a96e6a968729696298a4b54b5254952da84a92c5a92a5b90b4a14a641c96a9a94ad894a96a6452c5416e5a9497a54a6b14c5b52b5b96b5b1aa5a58c5214a52d4b52dab5b98c7292a7b54b6356a5a56d52d8a5296c5318e5216d4a9895adb17296a4b54952de9529685ad2e7b1e85a5cd5adab
2015-03-15 15:00:00,/x14887f4254b5294b5c98a62d6a5a9aa62d8d62d2a4ad8c5a54b629295a54a62d4b4298b6a92c4a9f252d89529726ad6e5c16a6a56f7396c5298a6214b4214c639ad629695bd494b96a4b18a641d042d894ad2a5294a6296b5416e5a98e7ad0a5310c5b12c6396b7a5ac52d894adaa52d69529ae5a9494356a7a549525aa5216d5294972dac4b12e5292a5218b631a87296a535304a9e94ad6c59d2e7a929525ea52dac
2015-03-15 16:00:00,/x14887f4a54b5252b5c98c5ad6a5a1ac52d2e62d2a42d8e5a54b62d295a54a5ad6b6318e5354b529524ad699a9b26ad4e5a9696b16f7296d5318f4a94b43970529aa7296a529294b9ea5254c6c1c94ad695ad494a92a6292b541ce5b1897a52a631ac5b5296394b52daa52d8c4a14a529ca525ab5a96d52d2a7ad494a12a5ad6d529495a96c5314e6a6894a98c429a97296a5b5894b1ea429695a92f7a52b525ca531aa
2015-03-15 17:00:00,/x14887f5296b5256b5c98862d6e729ac52d926292c4ad8a5adab6b92d5a54a5ad6b42d8b535696a9524ad8852dd26ad4e5a56a6b16b729ab52a8a42d4b6b149629aa7a90952d298390e5294b4c1c94c5683b5294a94f8296b5418e5a92a7a10a6316f6352a5394b62daa5358a4a9ea5a929529ab5a9295292a7b1494a12b5296d5294b629cc5312e5212a629894b1a87296b4b5104a9e84a1686254e7a949525cc5ada9
2015-03-15 18:00:00,/x14887f5254b7316b5c98a5ad6a5adaa72d2d62d2952d8a5ad2b6256d5b96a5ad4c429895a9294a9524ad2d631126ad4e6b16b6a56a731aa5258a4314b4a54a529aa42d6a52a096390d4b14e4c1cb4a96e4ad4b4a94a6a92c5416e5a9297a16b5310c5a5895394d531ab629884a94a52d72529cb5a90b4312a7a1494a14a5256d5254a8316c6314e525495a58d641a972d6a535295a9ea4a56c72d2e7b16a52dca545ca
2015-03-15 19:00:00,/x14887f5214b5254b5c98b5ad6b5a5aa52d2d629294ad8a5a52b62d2b6b14a5ad8b4a98a529c94ad524bd2852d726ad4e5b5686a5697296b5298a6ad4b6254a531aa4a92b5294a5394a5c14a4c1c95a9894ad285dd4a6296b5416e5a92a7a92a5314c5ad295396b531aa525894a9aa72949525ab5b14b4ad2a7a5696296a5256d5258d5296c5316e5292a4a9895a9cb7298a4b5295a9ea42d6959d2e7a909529ca629ac
2015-03-15 20:00:00,/x14887f4a94b6254e5c9895ad6e6bdaa52dcd6292c4ad8b5a5ab625285a92a8ad4b5b98852d2b529524ad2b529726ad4e5a56b6a58a7296a5358a4a14b4a94a541ab4a92e5292b5b94a5a14a4c1cb5296852d2b6292b6318b6416e5a92a7b56c6452c5a9297394b5b1ad5a98c5294a52929529ab5b9485a98a7a5495b12a52d6d531495316c5316e5b12c4a58d529ad7296a5350b4a9ea5a56a5a52e7a54c5a9ca629a9
2015-03-15 21:00:00,/x14887f5396b5294b5c9895b58a5b5a95ad4d6a9295ae0d5be2b6252b5b12a62d4b52d8a529294a95263129529526ad4e5ad6a6a5697296d5218d5a16b42149529a8529695294a5b90a535aa4c1c94a9e85b94a4a94a6294b5416e5a9497a52d4b12c5a56d6394b539a952d894b54a5312a52dab5aa0c5292a7a94a4b9aa5216d525695a96c4b1ce5a1297b98c529a972d8b535684a9e94b1696254e7a54b52dca53da9
2015-03-15 22:00:00,/x14887f4a54b5252b5c98c5ad6b5b1ab6c12d629694318d5ad6b625885a58c5ad4b529a953d4c535524ad2c5a9126adae5a96c6b20a7296b61d8e5314b4a969529a84b5295296a5390a4a94a5c1c94298a52d295ad6b6298b5416e5a9897a14a4b12c5a9295b94b525a95358b5214a5a98f525ab5b53042d2f7b1495216b6a96d5254b5296c5b12e621ac52d89429ac7358b5354a4a9e8529695a12e7a929525ca52db1
2015-03-15 23:00:00,/x14887f5b94b5254b5c9887bd6c6a9a9535ad629295b58c5ad2b629ac5a52a5b14b4ad8b5292d4b1525ad8c5a9726b14e5ad696ad6b7296e5a98a5a54b4a94a5a9a96316a6a94b6398c4ad4a541c972d8d52d4b4ad2e631cb5c16e5a94a7c5ac531525a5296394b529aa525894a14c5312b5a5cb5a8e85296a7a14a4a60d6a16d5b14c5b18c5b16e5296a7258a4adaa7296b4b5484a9ee4a5685b92e7b18d529cb635a9
2015-03-16 00:00:00,/x14887f41d4b6b56b5c98a5ad6c5a1a962d2d629694adcb5a96b62d6e5a52a5b58b42a095a92b4a9524ad69535526ad4e5a5686a569729685a98a42d4d5294c529a84ad4a629895396a4a54f6c1c96296a5ad484a92a62dab5c18e5ad4b7a56a6312c5a5295396b525ab536285314a529a9539ab5a90a4294a7a14b4a92c5a56d6394952d6c6b18e5ad4f4a9905a9ab72d6b4b52c529e85a16b6a52e7b12852dca529a9
2015-03-16 01:00:00,/x14887f5a56c5352b5c98a5ad6a5ada952d4d6a92c4ad8a6a9ab6312a6256a5ad4c529895ad494a9d262d2b529326ad4e5b9696a5d0729695a58d4ad4b4b1ed529aa641095296c5392d5a14b5c2094a9694ad2b5292a6352b5416e5a9a97a56a4bd2c5a5295398d525a952d8a6222a6a949525ab729295292a7a16b4a58a52d8d5356c5296c6314e5554c52d8a5a9a87296f4b52a7b1ea4ad875ad4e7ae085a5cb52da9
2015-03-16 02:00:00,/x14887f5296d5254b5c98b5ad6a5a9a952d4d6292942d8c5a12b6ad287252a5ad4b429885292b531525ad6a529326ad4e5a56b6a56a7296a5258d6a94c52d8b529a862d49629895394a6296a4c5c95296a42d2a4a92a629515418e5a92b7a14b5b10c5a5495b96b529a9529884ad4a529296b1ab5a9a95ad2f7a96b5b14a62d6d52d4e5296c4b12e5256a4a98b5bda87296a63509629ec4a16a5ad2f7a92b525ca539ac
2015-03-16 03:00:00,/x14887f4294b5a92b5c9895b56a5ada952d2d62d2942d8a5a16b62d2c5a94a5ad4b42d885292c5a9924ad296adb26ad6e5b5696a56872d6a6a98b4a58b5254a5a9a84a94c5b16e5392b9ad6c4c1ca52969531684ae3162d2c5416f5a9897ad0b4b14c6a5495394b525ab625c852d6a5a98a525ab5a94b529ca7a9e94b5aa5296d525495296c5b14e8212f6a989529a97356d4b5896adeb4256a5aa0e7b90b52dcb629a9
2015-03-16 04:00:00,/x14887f5b14b5252b6c98a5ad8a5b1aa52d8d62d6a42d8a6296b631686b18f5b94b52d8a541495a95262d29535126b18e731686a568729695258b5254b6a969529a85290c5312a5b92c4a94c4c1c95296872d694a98a6292b5416e5a92b7b50a4b1af6252f5394b529aa5318b4ae4d7292c525ab5adc84a9aa7a5494b56a5216d62d4b52a0c5314e52d495a189529a97296a535084a9eb42d6c5a1ce7ad4c525cb5a9a9
2015-03-16 05:00:00,/x14887f431ab5256b5c98a5ad6a5a1a95b1ad6292a4bd8b5ad6f629ca5a54a62d4b4b5ec82991629524ad2a7a9126ad4e5a9686b56b72d685298a4b14b52d6c52dab429aa5292b4b90a4a14a6c1ca6396c4ad6a6297062d2b6c16e5a9297a52d4b90c5bd2d5394b635aa525896214a62a2a5a5ab5b18c9b96a7b1496296a5296d7294a5296c5314e5312a4a58b5a9a97296a4b50a4a9eb5296b59d8e7b12a525ca531ab
2015-03-16 06:00:00,/x14887f52d4b5294b5c98a5ad6d5a1ae52d6d6314b52d8a5a14b635295b12b5ad4b429a9529aa4a9524ad2a529126ad6e5a9696a56a7296a5298a5314b5294c7ada84a92a5290a4396a525aa4c1ca7296942d885292a6292b6416e5a98a7b94a5310c5a5495b96b52daa5258b62d6c5292b625ab5a96b42d2c7a14a5294a52d6d6254b5296c5312e5254a4a58b4a9a87296a5b54e5a9e95a16869d2e7a52b5a5cc5a9a9
2015-03-16 07:00:00,/x14887f62d4b5a54b5c9895ad6a5ada952d2d631694ad8a6a92b72d2c5a56c5ad4b4358b52929629924b16c529126ad6e5a5686c16b7296c5298a6a58b4a1495a9a94292a72969439ca4a56b4c1cb52d8852d285292a629ab5416e5b1297b14b5310c5a56d5394b525b76a5896314b529295a9ab5a9084b12a7a56a5ad6a5216f529505296c6b12e521494a98a4ada97296b4b9285a9eb5258a5a52e7a529529cb529aa
2015-03-16 08:00:00,/x14887f5316b5292b5c98d5adaa5a5ad52d2d62d2a52d8a5a12b625a95a52a62d4b5a9895a9494a9524ad486b5126ad4e5a5686a56972dc89a58a52d4b42149529aa4b54a5316a5390a4a56a641cb4a96b4ad496294a6298b6416e5a92a7b94a4b10c5a5295b98b529aa525884a94b5296b529ab5ad6a4b16a7a98a4a92a5256d62d4952d6c4b18e5214e6ad8a529a87296d535ca5adea625685a94e7a549525ca6a9ad
2015-03-16 09:00:00,/x14887f5214c525305c98b6ad6a5adab52d2d6312b62d8b5b12e6a56e5a96a5ad6c4298a52d494a9524b149529726c1ae5b56a6a9e872d6a5298c6214b4ad6b531ac5a9e95396d4b90c5a56a4c1c94296e62d2b4a92a6318b5c18e5a9307a92f5310c625695394b525ac62d885354b6a94d525ab5a96b52d4a7a14a4a16a5a56d5b1496b58c4b18e525894b189629c97296a7354a529ea4ad6a5a92e7a94a525ca529aa
2015-03-16 10:00:00,/x14887f5a94b5258b5c98a6ad6a5a9a952e2d62d4952d8b5a18b625695a9aa5ad4b62d895b9494a95292e8a729726ad4e6a56a6ad6a7296d5318b4254b62549529ad429095294a6392c6a54b4c1c94a9694ad2a4a92b6296b5c16e5a9297a14f4b12c5b5896394c525a9531884b14a53149631ab629095a94a7ad4b4a52a5316d525495a96c4c16e5294c4ad8a5a9aa7296a4b5094a9ef52d6c7252e7ad28629ca5a9a9
2015-03-16 11:00:00,/x14887f5b56b5a5cb5c98c5ad6a5a9ab5312d6292b6358e5a52b6252b5a92e5ad4b7aa095294a5a9b24ad29529126ad4e5a9696a569729685258a4256d52549529a95a9aa529494b92a4b14a4c1ca4bd6a5ad2a4a94a7ad2b5416e5a92a7a1514b10c5a56b5b94b54dac531894a55152d4a525ab5b1696316a7a54d5292c7296d5a5895296c5312e6292a4a18c5b1a97296a5352a4a9e85a9696356e7a529525ca62daf
2015-03-16 12:00:00,/x14887f4a5545312b5c9885adac5a5c962d4d629294ad8b7a9cc625495b18a5ad4b5ad88531894ad529ad4d529326ad4e5a56a6aa0972d6852d8b5354b4a189531aa4b5096a94d4398a7254c4c1c95296942d694b94a7292b5416e5ad2c7b96e4b14c5a5296394c525a95a9884ad4b5292a529ab5a94a42d4b7a1494a9ca5216d625895a96e4b12f5ad496258942da97418a5352a5bdec5a5697254e7a54b525cb529aa
2015-03-16 13:00:00,/x14887f5ad4b5296b5c98d5ad8a5ada962d2d6292a4ad8f5a92b6258b5a94a5ad6b629895bdeb629524ad28529326ad8e5a56a6a9697298c5358a6254b4a989529b05c52a529295398b5a9ea741cd4b5684adca4a94a6298b6416e5a94a7a10f4b12c5a94e539cb62dac5258a4a94a5a92a731ac5b0ea6a9ac7b1495b16b5296d8254a5296c4b12e5216a52989529ca7398f4b58b5a9e94bd695b52e7a90b6a5ca531a9
2015-03-16 14:00:00,/x14887f6b16b8252c5c98a5ad6b5a9aa52e2d635295ad8a5ad4b6252b5a92a5b54e4b18b6a92a629525adca5b1126ad4e5a56a6a588729695258a4ad9142d4a529aa52949529494396f4a14a4c1c94296b4ad694a98a6296b5416e5a94d7a1ea4b12c5ad2b5b9ab529aa52d8c62d4b5314c529ab5a94b4354a7b1494a96b5296d6a5ad5296c6314e62d295bd8952da8729ac5356a52deb4ad6d5a92e7aa0c5a5cb529ab
2015-03-16 15:00:00,/x14887f5a94b5292c5c9885ad6a621ac5b18d629ab4318a5a18b6292a5a58a5ad4b4a98953129529524ad69529726ad4e635696a56c729695358b6218b5ad8b529eb431cb529d15412b8254a741cd4bd6b52d285a92a6292b6c16e5a98d7a52a4b14c5b58a5398b529aa535a85256b6316d531ac5a92b5b14c7a14b4a52a5216d52d6d52d6e4b14e629894a58b4a9ac7418a8b92a6a9e87256c5a94e7a50b5adca5a9a9
2015-03-16 16:00:00,/x14887f5a5ab5298b5c9885ad6a5a1c952d4d629295ad8a5b52b629285ad2a5adab5b18a52da9531926b1295a9527b14e5a5ce6b169735a852d8b4294b431a9529a9529ab5296a4b98a5b14b4c1ca5296b4ad2b5a96b6292b5c16e5bd897b14a6316c5a58a6396b525aa525aa5a94a5a92964dab5ad4d5ad4a7a1495b52a5296d525495316c4b12e52d2b5258b42daa7316a4b5494a9e94260c5a52e7a94b52a2a529aa
2015-03-16 17:00:00,/x14887f6214b52d2b749885b16a635a952d2d6292a4ad8a5ad8c6292b6252b5ad6b5298b535297a9b252d685a9526ad4e5a9886a56e7356959d8a4a94e6294b5a9a942909528e94b90a4a18a541ca4a9684ad2b5392a6412b5416e5a9497a50a6312c5a5296b94b529ad52d8b4b58c7a94a529ab5a90e429ab7a58a4a9aa5316d52d495a96c4b18e529294ad89529cd7296a4b5085a9ed4216c6252e7a54953dca529a9
2015-03-16 18:00:00,/x14887f4394b5316b849885ad6a5a1a952d8d629694ad8b5a9cb6396b5ad6a5ad4b629896b12a529524ad28549326ad4e5ad6f6a56b72d695b18a4a56b4ad4a62daa4a92b62d29439aa4a54a5c1c952d6c72d4a5a96b6296d5416e6358a7a52b4b20c5bd2d5396c5a5aa5258a4a18a529a95b1ab729884a96a7b9496252c5396d52d4c6296e4b1ce535494a9894adab7298a5b58a629e86ad695a92e7a52a52dca529aa
2015-03-16 19:00:00,/x14887f4216b6252b6498b5ad6a5a1ab5adad629294b1aa5a52b629495b16b62d6b4ad8b5298a529726b948529926c54e5ad686ad69729885258a5b5ed5a149629aa5294f529aa4394e5254d541cb529c862d2a4a94a6294b5418e5a92b7b50a5b14e6252a5394b525ab5398b5414a5b529529ae5a9896ae2a7a96d6a92b5356d5a5495296c4b12e5392c4b5894a9a87298c5352b4a9ec5ad6b5a52e7a909525ca529ac
2015-03-16 20:00:00,/x14887f62d4b5a52b5c98a5ad6a5a9a952d4d6296a72d8a5a52b6292a5a52e5ad8c5b58b5292a4b1924ad68535126ad4e5a56b6a56a72d6a5358a5ad4d5a5ec531a842d6952d6b5396d4a14a541cb429684ad6a6416a6292d6416e5a9497a92a5312c5a92b5b98b629ab5258b4ad4b52929531ab62ce94352a7a9895adaa5256d529495adcc4b12e5292a5a5aa4a9a97296a4b589529eb52d696312e7b12b52dca6ada9
2015-03-16 21:00:00,/x14887f6358c5294d5c98a5ad6f5adab5ad2d629296ad8b6292b635286252a5ad4d4b58f529ea4ad524ad89529526ad4e625686ad687296a5298a52d4b42549529a94a94c529095b92a52d4a4c1c94ad6972d8c4a92d62d2b5416e5a9297ad0a4b14c5a5495394b529aa6a9884b54a5356a52dac5a9494ad8b7a9a95a52a7a16d5ad50529ec4b1ae529c952d894a9ac7316d4b50d529ed441675a14e7a90c529ca529ab
2015-03-16 22:00:00,/x14887f4ad4b5292b6498b82d6a5a5a952d2d62d4c4ad8f5b52b629a95a92b5ad4b4a989529296295252d4a6a9528ad8e6a5696ad69735686298a5a5ec5a94a529a85b18a52d8a4392a7294a641d04a9aa42dc94a98a6292b5416e5a9697b50a7312c5ad2a5394b525a9529894a56a5298b5a5ab5a94d5292a7a9695a14b5216d52d495296c4b16e5312b4a9895a9aa7296d535485a9ed7a5685a5ce7a56c5adcb529ac
2015-03-16 23:00:00,/x14887f42d4b6b14b5c98b5ad6a5a9ae52d4d6a9494318a6214b62dc85a92a5ad4d429895296b6ad5252d685295272d4e5a9696a568729895258c52d8b4b1495a9a94296b531cc5b94a4a14a5c1ca5a96a4b5486292a6294b5416e829cd7ad2a6b12c5a52d5b94b5a5a96a5895adeb5a9496a5ac5a92e5294a7a1494a94a5216d5254a5296c4b12e52d49529895b1a973d6a4b5084a9ea421685a52e7a529525cb529ab
2015-03-17 00:00:00,/x14887f4214b5312b5c98a5ad6a5b5a952d6d6298942d8a5a12b6a5285a56a5ad4b5b98c52989539525ad49529d26adae5a5ac6b16a72d6b72d8a4c54b439a95b1a852d297296a4b94a4a58a641ca4a96952d2a529aa6292b541ce5ad4e7a52a4b10c5a5aa5394b525ab5258c5316a529c9531ab5a96a4294a7ad4b6a52a7356d5254b5396c5312e52d4c4ad89635ab7296a4b6094a9e862d675a14e7b50a525ca529a9
2015-03-17 01:00:00,/x14887f42deb5292b5c9895ad6a625c952d2d6294b52d8a6292d64d4a7354c5ad4b4298b529495a9925bd4a6a9726ad4e6296c6a56b7296961d904394b6314b5a9aa4a94b529cb5390e5a54a4c1c9531e852d684b54a645ab541715a9ca7a90c5b16c5a5295394b539aa6a5894ad4b52929525ab5a96c42d2a7a14c4b14b5256d525696296c4b12e62d4a4a189529aa7296a5350d5a9ed4296d5a98e7a92d525ca629aa
2015-03-17 02:00:00,/x14887f5294b5252b5c98b5ad6c5b1a95b12d629295318a6b14b6298b5a52a5ad4b4a98952d4b4a9725314e529126ad4e5a96c6a568729685258a5ad4b5a14a629cc5290a5310a4390a629aa5c1c95296c5354b4ad6a6292b5416e5ad697a98a7318c5a58c5394b525a952d8b5ad8a5294a635ab5aa8b5294a7a5494ad2a5256d6256b5ad6c4b12e529695a189529a9729ab4b56a5a9e86a56a5a14e7a509529ca5a9b0
2015-03-17 03:00:00,/x14887f5294b7254b5c9885ad6a729a95452d6312c5ad8b5a16b629285b12c6314b6a9895a92a4a97252d49629926ad4e5b96a6a56e729697318a5254b4adeb529aa629eb531297394c4a54a541ca4a96d4ad8b7312a7296c5416e5a94a7a92a5312c5a549539eb5a5a95a9896214a5296b5260b5a969729ac7b1894a16a5296d5a94b5ad6c6354e5a18f4b18a431a97316a6350b4a9ea429ca5b94e7a50c531cb5a9af
2015-03-17 04:00:00,/x14887f5a14b5294b5c98b5ad6a5a9ac6ad2d6292952d8b5a12b625895ad2a5ad4c529a9529a95a95252d285293272d4e5ad696a56c729885318b4a94d735496a9aa5290952d4a7394c4a1aa4c1c94a96d42d4d4a9eb6292b5416e5b1ad7a94e4b92c5a94a5b94b539ac5298e7a94a5ad2972dab5ad6942d2e7a56d5252a525cd52549529ec6316e529705a18a529ab7296a4b5884ade95a9895a9ae7a528525cb529a9
2015-03-17 05:00:00,/x14887f4256b5252e5c98c5ad6a5a5aa5392d62d2a6adaa5a14b626ac5a5cd5ae0b62d88529894a95252d2a535326b1cf5a5a96a56c729685218a5b14b4b549529aa545aa529495392a821ed541c952d6852d484a94d6292b5416e9292f7b52a5312c5a54b5394b5a9e95258e4a94c52969725ab5ad2a53d2a7a56b5252a5216d525a95296c4b12e5294a4b98c729ae7296a4b54e4a9ea421695adae7b16853dca52daa
2015-03-17 06:00:00,/x14887f4294b5324b5c9895ad6b5a9ab5352d629294318a5a9ab629695a92a5b5535298e5296a5a9526ad315a9126ad4e5a5686a56b729ea5218a4314b4a54d529aa5b5ab531495b92a52d8d4c1c94a96d42d894a98a6394b5c16e5a92b7b52a5316c5a5e95394c6a5ac5358c6a18a52949731ab5a94e6a98a7a14962d2c6316d529695296c5318e52e894ad8b4c1a9729ca4b5096ade84aa695a92e7a589529cc52daa
2015-03-17 07:00:00,/x14887f4a98b5318b5c9895ad6d7a5ab52dad629294ad8a5a14d631485b14b5ad4b72d8c52d49529526ad8a529926ad4e5a5ed6b56e7296a5218a4ad4b6314a529a943909529894b98a5214a4c1c94a9694ad297a92b6294b5c16e5a9c97a10a4b12c5b5ab5394b529c952589521ca5352a529ab5ad6c4292a7a58a4a94a5256d5a5495296c4b12e5292b5a18c529ad7396e4b58d4a9e9429886a5ce7a509525ca52db3
2015-03-17 08:00:00,/x14887f4a14b5252b5c9aa5ad6a621ab52d2d6292b42d8a5b56b6252b5ad6a5ad4b429c85ad6a4ad5252d2c62d326ad4e5a5686b1a87296862d8c5214b5a1cb529ac5a929529694394a4a14f541ca5298c42d484a94a62a2c5c16e5a9297a50a7314c5ad2b5394b62dac525cc5ad6a52929531ac5ad29429aa7a14f5252b5296d6a5a95ad6c4b12e5216953189829ab7298a635cc529eb52dac5b14e7a52d535d052daa
2015-03-17 09:00:00,/x14887f4a94b5252b5c98a5ad6c5a5b062d6d929694ad8e5a12b625aa5a9aa72d4b631a952d2e4a95252d2b529526ad4e5a96b6ad687296a5b1aa4a14b53d4c529aa6b12a5292b4390b52d4a4c1ca6a9695b5885ad4a6452b5416e5a9c97a16a6316c5b1295394b631a95a5895214a52d89525ad5a92c4294a7a5494b12b5356d52d4c5356c53d4e5214a5298942da87296c4b58b529ea4258b5a16e7a509529cb5a9a9
2015-03-17 10:00:00,/x14887f5c16b529ab5c98a5ad6a5a1a962d4d8a9694ad8a5adab631485a56a5ad4b4b18b7296a52d5252dc852d126ad4e5a96a6ad897356b5218a5a54b42a49529aa5a92a5314a6392a5214a4c1cc529884ada94a94a6292b5416e5a9297a92a5350d5a56b5394b525a9529885a14a52d2a525ab5a8ee42d4a7b1497a92a5a56d52d495296c5b12e5318c4a58b4a9c97296a53549529eb4b1687312e7a5097a5cb5a9a9
2015-03-17 11:00:00,/x14887f4ad4b5a58c5c98a6ad6b5a5aa52d2d6a98962e0a6258b625295ad2b5ad8b4ad905292a629525ad2a529126ad4e731696a56b729895218a4354b8a14952daa5a90a629694b96a5ad6a4c1c94316a5ad284a98a6314b6416e5ad8b7a5aa5b12c5a5695396b625a95a58a5214a5314a525ab5a98b4352a7a18b5a12c5296d5b9895356c5312e5254b4a18c4a9af7296a835094a9ea4ad696a18e7a9e96a60a529af
2015-03-17 12:00:00,/x14887f4294b5252b5c9895ad6a5a1a952d2f62d6d42d8a5a98b6252a5a96b5ae0b4ad88531295a9524ad48529126ad4e5a96d6a56c72d6b5258a4ad4c42169529aa5290f52d0a5b92a5a54a6c1ca52d6c5ad6d4a92a6292b541ae5a94b7a92a4b12c5ad6d5396b529a952d894a14d72d2a531ab5b5884296a7ad4a4a56d5316d5a5495296d4b16e52e8a5a58a4c1a87296c5b50b4a9e85a56a5a12e7adaa625cc529aa
2015-03-17 13:00:00,/x14887f5256b5a52b5c98a5ad6a5a9a962d6d6312c6ad8a7214b7292c5b5ab5ad4b4a9a8629315a9525ad2c5a9526ad4e5b58c6a56b7296952d8a5314c4a16b529a9529497a96b4b94a5256a5c1c942968431885a92f62d4b5c16e5a9297a14f5b14c5b12b5394b629ac5318a4a16a52929525ab5b16a4292a7ad496b52a52d6d531495296c4b16e521494adcf5a9a872d6a6352a629e95a96959d4e7a510529ca529ac
2015-03-17 14:00:00,/x14887f6294b52d2b5c98b5ad6b5a5aa5314d6292b5bd8a6ad2b6296a5a52a62d4d531c85292b52d524ad4c529326ad4e5a96a6ad89729aa5398b625ab525495aa4a4ad895a9505394b4a96a4c1c95a9ac52d894a98b62d2c7416e5b94b7ad2c6312c5a92f7394c5a5aa52d8d62d4a52929525ac5acea4a96a7a1694a58a6a56d5254b5ad6c4b12e5314c52589429ac729ec4b5085a9eb4a5685a16e7a549531ca52da9
2015-03-17 15:00:00,/x14887f4a94b5294b5c9895c56e5a9a95314d6312a5ad8a7312b62d2d5a96b5ad4b5ad8e531295a9724b56e529326b14e5ad6c6a56c74d695258a4254b429897a9a85294a529696b90d5ad6a4c1cb6296a5352e5ad2b6314b7416e5a9297a50a5b12d5a529539cb625a95298b4a54e53550525ab6a94c5292a7a9495256a5a16d525495298c4b16e5292a4a18963da97296a5b549629e75296b5ad4e7ad2a555ca535a9
2015-03-17 16:00:00,/x14887f4216b5292c5c98872d6a5a5ae5c54d6292972d8a5a12b6252c6352a5adab5ad88529496317272d4a52d326ad4e5b5686a5687316b5318b4a54e6b14a529ab529095298b5b90a5214b4c1c94296862da84a9306292b6c16e629a97a12a6312c5a94e5396b729aa5298d5a98d6312a5b1ab5bd896298a7a14c5a52a5316d525495396c4b12e5252c4a98d52dac7296a535286b1e85a5685a54e7a5695adcc529a9
2015-03-17 17:00:00,/x14887f51d4d5a58b5c98a6316a5a5a952d2d62d295ad8a9a56b62d4a5a92d7ad4b4a98952d6a4a9524ad68729526b14e5a56a6a968735717258a4a14b4254b529aa52d4a5312a5392d5254a741c94296b4ad285292a62d2b5416e5a9ca7a90a4b18c5a52d5394b529ac5298d6a54a5298b52dab728ea4292a7a14b5252b6296d52609529cc4b16e6b16c52d8e429a87298a4b529629eb4256a59d2e7a5ca725ca5a9ab
2015-03-17 18:00:00,/x14887f4294b5258b5c98b62d6a5a1a95ad4d6292e42d8a5bd2d6296a5a56b5ad4b6298b52969529724ad8a529526ad4e5a5686a56e7296c5218a42d4b5a94c531a9431095294a639ea4a14a4c1c94ad695ad4c5a92a6292b5c16e5a98a7a52c4b1cc5c56c5394b535b15318a6a14c529a9525ab5a9685298c7a58b4a12a5216d5294b5296c4b14e5313052d8f429a872dab7350b5a9ea529695a96e7a568529ca529a9
2015-03-17 19:00:00,/x14887f5a14b5a52b5c9885ad6a5a1a95ad2d6294962d8b5ad4b62d6b5a52a5adab62d8a53529531524b14852d126ad4e5ad6b6a56b72a0a6298a5a98b4b54b529ab4a969729cb6394a4a54a4c1ca5b56b42d895a98a6296b7c16e5a96a7ad0a6b18c825296394b5b1aa6a5897214a5a92b7a5ad7296f4298d7a16c4adaa525ad5294b5a96c5316e525895a189535ab7296a4b52a5b1ea8358b5b14e7a98c531ca5a9ab
2015-03-17 20:00:00,/x14887f4218b7a96b5c98b5ad6a5a1a962d6d631295ad8a5a56b625285a94a6314c429895294a4a9924ad2b529326ad4e5a56a6a571731686298a4254b42549529aa5a96b5294a4398a5a54a641c95ad685ad684b94a6298b5416e5a92a7a90a5316c7a54c5394b625a95a9886314a62969629ab5ad6a4292a7ad4a4b12a6256d525496296c4b14e5a66c529894ada97316a4b5495a9e95258a5a92e7a569525cc531ab
2015-03-17 21:00:00,/x14887f5a60d52d6b5c9886ad8a5ada95412d6294b4ad8a5a52b739485a54a5b14b4298a5292c52a725ad2b5ad326ad4e5a5cb6ad697298952d8b5254b529c9729aa4a96a6292b5b9314a54b4c1c9429683ad2a4ad4e6296b5416e5a96a7a12a4b58c5d92b5394b5a9eb525884ad6a52929629ab728e95294a7a9695a52a5256d525495296c53d2e535695a1896a9cd7296b5b529529ec4a9695a98e7a50a725ca529ab
2015-03-17 22:00:00,/x14887f5a54b6ad4b5c9885ad6a5a9ce52dad6296942d8b5a52b6b1495a54a62d4b5298b5318a4a9724ad50529526ad4e635686a969729685218a4214f42549529aa5a96b5450a4394a5a14b4c1cb6b96862d6a4bd2c6a96b5416e5a9697b5aa4b1ae5a5497394c5adab6ad8c5216d54129739ab5ad694a94a7ad494adf05a16d52d4952dcc7b14e6a5294b589431aa7296a4b5294a9ea4a1685a94e7a948525ce529a9
2015-03-17 23:00:00,/x14887f4a54f5292b5c98c5ad6c5b9aa72d6d6292b52d8a5a94b641285a52d62dab4298b52d295295262d2b52df26ad4e5a98d6a9cb729695258a4254b52d6a531ab6a9ca538ec7390c5b18e4c1ca5a96a5ad2b4c14a6296b5416e5a9ea7b94d4b52c5a549639ab5a9a95258f4a94c5b18a6a5ab5a94942d6b7a9496294a62d6d5294c52a0c531507252a62d895ada97316d4b5c84a9eb8256b5a52e7a549525ca529ad
2015-03-18 00:00:00,/x14887f625ab5296b5c9885ae6a5a9ab7ad4d629295ad8c5a14b625295b14a5b14b62989529495a9526ad29629526ad4e7a58b6b5ce7296a521cb5258b4a949529aa5a92952a295b92b4a9ea4c1ca6316a52d6b72d6a6296b5416e5a9697b50a4b10c5ad8d5b94b525aa525895254a529ea631ab5a96a5292a7a56a7218a5256d52d695296c6312e52d894ad8a5a9b17298a6b5284b1ea4a1685a98e7ad0a625ca529ac
2015-03-18 01:00:00,/x14887f5294d5292b5c98a5bd6e631ae72dad6292982d8b5a54b625685a52a5b54b5298b6296d4a9524b129529126ad6e5a5a96a5c872d6a5218a4ad8d8258c529ca62daa529494b92a4b58b4c1c93a9ab4ad495354b6292b6c16e5a94e7b96a4b14c5ad695394b525a95298e4ad4a5298a72dab5a9714a94a7c5494a58a8ad6d6254a6296c4b12e7a94a4a1894a9ab72d6a4b548529ed6a1695a16e7a52952dca529a9
2015-03-18 02:00:00,/x14887f6254b52d2e8498872d6a5a9ad52d8d631aa5318a5a12b6258b5a5b16ad4c52988531295299262d2b629326ad8e5a5687a96c7298b5298b5254b4214a631ab4a94b5294b4394a5a54e4c1cda29685ad285a92a6292b6416e5a9697a94b6b14c5a9295394b525ab5a58b4a54d64129525ab7a9484a96c7a5495a52a52d8d5254d5296c5314e5252a52589529a972d6a4b50a4a9e9421695b52e7a50d529ca529aa
2015-03-18 03:00:00,/x14887f42d4b5ad2b5c9885ad6c5b9a95392d629298ad8d625ab6254a5a54a62d4b529886a9294a9524adea529726adce5a5696a56f7298b5298e5354d4a549529a962d0b5290c4394a4a54a541ca5296a4b5285292a62d2b5416e5ad4b7b10f5316c6a9295398b529a95ad884a58e5b92b525ab6394a4a94c7a14d4a12a52d6d5296a5296c4b92e525296b5904adaa7356b5350b729ea72d6b59d6e7b928525ca6a9a9
2015-03-18 04:00:00,/x14887f4a14b5296b5c98a5b96d5ada952d2d631296ad8a5a12b625c85a5ab5ad4b4a98b529a9529925ad695a9726b18e5adaa6a56972daca298a5a96b53d4a6a9ad7a949531894b94b5a56b4c1ca42d694b18952d2c6454b5416e5ad297a14a4b10c6ad295394b525aa5298a4b54b52929731ab5a92b4292d7a54d4a96a5296d5a94b5316c5312e5252a4a589429a97296d6354a629ea521685a94e7b5485a5ca529ab
2015-03-18 05:00:00,/x14887f6a94b535ac5c98c5ad8a6a1a962d2d6292952d8a5b92b62529625ee5adcb5298962d294a95262d2d5ad926ad8e5b16c6a96b7296a5298a52d4b42d4b62dac5292a5290a4392c4ad4a6c1c94b56d52d694a96a6292d6c16e5a96a7a52a531ac5a54a5b99052dab5258a5354a52929625ad5a92b62d6a7a14b4a56a5256d545495296c6b1ae6a1295318a4adaa7296a6b50a4adeb631695a92e7a54b529cc529ab
2015-03-18 06:00:00,/x14887f6254c6a52b5c9895b56a62daa6ad8d6392a4ad8a635cb6298e6292c5ad4d5b18d5298b5a952535495b1326ad4e5a9696a56b7296b52d8c421ab725495ada95a929529694b92f4ad4a5c1cb4a96a42d2a5a92a62dcd6c16e5b12b7b24b6312c5a5cb5394b525a96ad884ad4a529a952dab5a9684294a7a14a4a52a5296d5b14b5296c5b12e5ad29521ce5a9af7316a5352c5a9ea5a58d5a96e7b929529ca529ae
2015-03-18 07:00:00,/x14887f4314b5298b5c9886ad8b5a1a952dad6294b62d8a5a92b625295a52a5ad4b449916a94c5317272deb529326b14e5a5686a5697296a5258a4254b4a1ad531ad5292c529aa5390b5394c4c1c94ad894ad285a92a6296b6416e5a9297a98c4b12c5a5295396b5a9a9625e84a58d5294952dab5a9488292a7a9695312a5296d5296b5b16c5b12e5292a4a98b529a872d6d4b5b0529e85a1886a52e7ad69725cb529ac
2015-03-18 08:00:00,/x14887f4b56b5316d5c9cb5ad6a5a5a952d4d629294358a62d6b6252b5a52a5b18b4a9887354c729524ad4e629126adae7256b6a56a7296869d8a4294b52149529a84ad09629e94b90a4b14a5c1c94a9694ad2a5294b63d4b6416e5a9897b10a4b12c5b1505394b525a95318a6294a529a9525d16298b5296a7a14d5a12a5316d52549ab16c5312e8394a522a94a9ac7296a4b5494a9ea4a56b5a12e7a50d525ca52dad
2015-03-18 09:00:00,/x14887f5314b6252b649885c16a5adab52dad6292952d8d7214b6252c6b12a5b54b5298b5294a5a9527ad2c62d126ad4e5a9896b188735695318a5a14b5296a52dcc72969529694392c4b5504c1cb5ad914ad484b14a6292b5c16e5a98b7a12b531507298a5394b625c95258a4a94a5314b525ab5a9694292a7a56c4a54a5256d62d4b7296c5312e5b18962da9529ab7296a4b5294a9e94a5697256e7a54d52dca52dac
2015-03-18 10:00:00,/x14887f4a94b525ab6498b5ad6a5a5ab72dad6292952d8a5b16b625495a52a62d4b4a98b62d6a4a9924ad48531126ad4e6ad686b96a729685258a4254b42169529aa5a96952909539ca4bd8a4c1c96b5c8731285b54b6292b5c16e5a9aa7b16b5b12c5ad4a5394b525a9525885294a5292d525ab5ad684a9ca7ad494ad2d525ed5ad4c5b96c5318e52d2e52589629a87316a5b5495a9eb6316959d6e7a54a5b1cc5a9a9
2015-03-18 11:00:00,/x14887f4a96b525ac6498b5ad6a5a1a952d2d6a92942d8a6a92d625295b12a6ad4b6318b5298952d524b98b52d326ad4e5a96a6a56c72d6d5218a5a14b42d49529ab6a90b828e94390a4b14a4c1c95356a5b12a4a92a6a98d5416e5a92a7a16a5312c5a5295398b72daa525eb5354a5a98a531ab5a9a8631ca7a1494a96d5ad6d6294a5296c6352e6b92952d8c629aa7296b53549629e84ad695adce92549531ca529ae
2015-03-18 12:00:00,/x14887f4294b5a52b5c9885b16a645a952d4d6298952d8a5a92b625295c12b5ad4b4318852a2a4a9724ad4c529326ad4e5a5686a96b731a851d8a42d4b5294c5adad52d29529a94b96a4a58a5c1c95a96a7b1697a96a6296c5416e62d497a12a5b20c5a5e9539f0525a952d8b4ad4a52d2c529ab5a94a5a92a7a96a4a56a5216d5a5aa5296c4b12e52d2a4a58c645a8729ca5c26a4a9e94b1ac5a52e7a52c52dca529a9
2015-03-18 13:00:00,/x14887f521ab6a54c649895ad6a5a9ad52d2d629294ad8a5b12b6414a8b96a5ad4b52989529494a9524ad496a9928554e5a56a6ad6a7316a5298a5294b5394b52dab4296a52d095b94c4a98a641cc3ad6f42d4a6296a6294b5416e5a92a7a92d5314d5a9295394b531aa725895314c5b14f529ac5a9894bd2c7a94e4a92b5b16d5316a5298c7312e52d294ad8952dab7296a5b569629e94bd695a12e7a52952dca52daa
2015-03-18 14:00:00,/x14887f4314b5312b5c9895b16a5a1a952d2f6298d4b18b5a52b6254b5b1aa5ad4b4a98a529294a9724ad496a9126ad4e5ad696a5ca72d6a62d8a8314b4a14a529ac7294d629096390a4a54c541c94ad7062d8a4b14b6294b5418e5a9497b52a4b10c5a9495396b525aa5258b6a54a5296a525af5c1485292a7a98952d4b62d6d6354c52d6c4b18e5296b52989529ad7298a5c5495a9e94a9695a1ae7a56e625cb5a9a9
2015-03-18 15:00:00,/x14887f6ad4b5258b749885ad6a5a9a952d8d6292c4ad905b56e625685ad4a5ad6b529a9529294a9524bd48529126ad4e5a56a6a568729e95218a5296b52949629a86aa6a5b1295398a5a54a641cd5296a52d4a4a92a6312b5416e5a96b7a96b4b16c5b52a5454b5a9aa535895214a5292a525ab5a94a7292a7ad4a5294a5216d525495296e831ae5292b5318a429aa7296a5b54b4a9ea4a5685b12e7a928531ca529aa
2015-03-18 16:00:00,/x14887f4a54b6312b5c98a6ad6a5a5aa52d2d629494318b5a98b625285a52b5b94b4a98b5a9294a9b26bd6a629326b14e5a56b6ad6b72d8b5358a52d4b6a16b62da84ad496296c4b90a4a14a4c1cb4296b4b52a4a92a629cb541ae6a9297a50c4b1cc5a52b5396c529aa5258c4b1ec52929525ab8292b5a92c7ad4b5316b5a96d5294b5298c6314e531895258b4aa687298b5b56a535e85a16a5a52e7b10b525ca529ac
2015-03-18 17:00:00,/x14887f72150529ab6c98a5ad725ada96ad2d6292c62d8e5b12b6292a5a52a62d4b5a98952949529524b5aa729726ad4e5a5696a96a7296a5398a4b14b5a969529a9429295a9696390a4a94d4c1c94a9685ad694ad4a6294f6416e5a92a7a58c5bd4c5ad2a5394b525ab525894a94c52d2e525ab5a9aa5292a8a5497214a5216d52d4f7396c4b16e525cb5a18a429a87296a4b508529e96ad685a94e7b128531cb529ab
2015-03-18 18:00:00,/x14887f42d4b7a52b5c9ea82d6a5c1ac5312d6292a42d8a5a9ab6256c5a92b5ad4b6a98e529295395252d68529326dd4e5b56b6c168729685218b525ab4a98b529cb5b1695310a63a0a5294a4c1cb62d6a52d284a94c6294b5416e5a9297b60a4b14c5a9696b96b6bdca525884ae0c52d29725ab5a90a5298a7a1497b56a52d6d5354c6356c4b16e525294a58b629a9729af4b58a535ea4a1686214e7a56852dca5a9ab
2015-03-18 19:00:00,/x14887f42d4b525cb5c98b5ad6b5b1a952dad6292c72d8a5a54b6258a5a9aa5ad6b429886292a5295252d285a9326ad4e5a56a6a56e7296a5298a421cb4214b829c95292a529695b92a7294f4c1c94a9884ad6a4a94a6a92d5418e5a9697a52a531ac5a9695b94b529ac629895254a5292a52dcb5a9084a98f7ad494a52e6296d5254982d6c4bd2e521c95a589629a97296a4b50a529ea5256b6294e7b14c531cb5b1a9
2015-03-18 20:00:00,/x14887f6a96b7292b5c98a5ad6a825a95b52d6356952d8a5a96b629295ad2a5adab6a989529294b5524b928629126ad4e6b16c6a56872969529aa5a54b52549529ac52d49829ac4396a4a54c541cb4ad6842d2a4a94a6294d5416e5a92a7a14a531ac5ad4b5394b525ab52da95294a5294a52dac5a9295ad2a7a54e5a92c5216d7258f5296c4b18e521896a189429a87296f53529829e9429695a12e7b50d525ca529a9
2015-03-18 21:00:00,/x14887f41d4b5256b5c98a5b1ab6a1a952d2d62d2b431aa5a52f625296ad2a5ad4b6298b5ad297315262d2a535526ad4e5b5696b1687296a631ea6ad4c6a16c6a9a963549529294b9aa4a94b4c1c94316a6b20b4ad6a6292c5416e5a9a97a16a6312c6a92a5394c525ac539899a14a5294a5b1ab5a9484298a7a5494a96a5296d5296a5296c4b12e5256b5298c4adac7296a4bd6b62de8625695ad6e7a52b5b5ce829a9
2015-03-18 22:00:00,/x14887f42dab5258b5c98b5ad6a5b5aa52d2e6294f62d8a5a92c625b45ad4c5ad6b4298952989529524ad68731726b18e5aa4a6a56b729695298e5214c5a5495a9ab429295290c4b92a6ad4b4c1ce4a96a52d4a4bd2a6354c5c18e5a92a7b90c4b1735a92b5b94b525c95a58a4a54a529296a9ab5b52b6294a7a14b5252a6a56d6394b5318c4bd2e5252b4b9896a9ab7298b5352a4adec525685a52e7a90c525ca629ac
2015-03-18 23:00:00,/x14887f5bd6c5a52b5ca085b18d5a9a952d2d629495ad8b5b92b6252c5ad4a5b94c4298b52dae4a9525ad2a6a9526b9ce5c9ac6a56c729ca52d8b6b94b5a5895a9a95a90a52d2d4b94a53d4a541ca5296942d894a96a6294b5418e6b9897a50a5352c5a5297394d535a952d8a4a94a5296b52deb5b1284292a7a9494a52b7b96d52d4a5296c6312e5218d5218942da97316a4b509629e85b1aa6252e7a9a85a5cb529ad
2015-03-19 00:00:00,/x14887f5254b5a54b5c9885ad6a6b1ab5312e635697ad8a5a52b629695a52a5ad4b529885292a4a9724ad2d535926ad4e5a5896a56a72d6d5318b4a18b5214c529aa5314a528e95ba0b5214b4c1c94b16852d2a5a92a6292b7416e5a9497a50b6b18c5ad2a5398b52dac725884b56a53969625ad5b9285a92a7a54a4ad4a5258d6a54a6ad6c6312e5292a4a58a531aa7296b735694a9eb425695ad2e7a50852dca6a9aa
2015-03-19 01:00:00,/x14887f5294b5298b5c9885b56a5a5a962d6d6298a5ad8a5a56b625285a92c5ad4b4298a6ad2d4ad7252d4a535726ad4e62d6a6a9a9729696258a4a54b6254a529ab42929630ea7394a4b14a5c1cb5a9eb42d694a94e62dae5416e5a9297a14a4b18c5a5695398b525aa629894b58c7ad2952dac6290a6ad307b1694ad2a5216d6adc9629ac4b12e5252c5b18a42da87356d535295b1e75a1695a54e7a90a525ca529a9
2015-03-19 02:00:00,/x14887f5a14b5252b5c98b5ad6c5a1a95ad4d6294b72d8f5a92b6a5295a98b5ad4b4a98c529294a95252dcb529126ad4e5a56a6a968729695298a5a5ab5b549529a9629a952d295392b4a9aa6c1cb52d695bd296ad4d6312b8c16e631497ad2a4b16c6254f5394b625ab6298a6b1aa53529625ab5ad2a6352a7b1495252b6a56d52d4a5b18e5b54e52d2a5a5aa6b5a8729aa4b5285a9e942da95a56e7a588535ca5a9a9
